<?xml version="1.0" encoding="UTF-8"?>
<!--spring bean容器的主配置文件-->
<beans
	xmlns="http://www.springframework.org/schema/beans"
	xmlns:xsi="http://www.w3.org/2001/XMLSchema-instance"
	xmlns:p="http://www.springframework.org/schema/p"
	xmlns:aop="http://www.springframework.org/schema/aop"
	xmlns:context="http://www.springframework.org/schema/context"
	xmlns:tx="http://www.springframework.org/schema/tx"
	xmlns:util="http://www.springframework.org/schema/util"
	xsi:schemaLocation="http://www.springframework.org/schema/beans
	http://www.springframework.org/schema/beans/spring-beans-4.1.xsd
	http://www.springframework.org/schema/aop
	http://www.springframework.org/schema/aop/spring-aop-4.1.xsd
	http://www.springframework.org/schema/context
	http://www.springframework.org/schema/context/spring-context-4.1.xsd
	http://www.springframework.org/schema/util
	http://www.springframework.org/schema/util/spring-util-4.1.xsd
	http://www.springframework.org/schema/tx
	http://www.springframework.org/schema/tx/spring-tx-4.1.xsd">

	<context:component-scan base-package="com.*"/>22
	<!--定义属性文件的读取-->
	<util:properties id="reader" location="classpath:mysql.properties"/>
	<bean id="dataSource" class="com.mchange.v2.c3p0.ComboPooledDataSource">
		<property name="driverClass" value="#{reader[diver]}"/>
		<property name="jdbcUrl" value="#{reader[url]}"/>
		<property name="user" value="#{reader[user]}"/>
		<property name="password" value="#{reader[password]}"/>
		<property name="initialPoolSize" value="5"/>
		<property name="maxPoolSize" value="10"/>

	</bean>

	<bean id="sqlSessionFactory" class="org.mybatis.spring.SqlSessionFactoryBean">
		<property name="dataSource" ref="dataSource"/>
		<property name="mapperLocations" value="mapper/*.xml"/>
	</bean>


	<bean id="authorMapper" class="org.mybatis.spring.mapper.MapperFactoryBean">
		<property name="sqlSessionFactory" ref="sqlSessionFactory"/>
		<property name="mapperInterface" value="com.newer.dao.AuthorMapper"/>
	</bean>
	<bean id="articleMapper" class="org.mybatis.spring.mapper.MapperFactoryBean">
		<property name="sqlSessionFactory" ref="sqlSessionFactory"/>
		<property name="mapperInterface" value="com.newer.dao.ArticleMapper"/>
 	</bean>
	<bean id="articleCommtMapper" class="org.mybatis.spring.mapper.MapperFactoryBean">
		<property name="sqlSessionFactory" ref="sqlSessionFactory"/>
		<property name="mapperInterface" value="com.newer.dao.ArticleCommtMapper"/>
	</bean>


	<bean id="authorService" class="com.newer.service.AuthorServiceImpl">
		<property name="authorMapper" ref="authorMapper"/>
	</bean>




</beans>